PRODUCT_ID,PRODUCT
01t3Z0000057e5rQAA,Other
01t3Z0000057e5mQAA,Other
01t3Z0000057e5gQAA,Other
01t3Z0000057e0XQAQ,Other
01t3Z0000057dypQAA,Other
01t3Z0000057e7OQAQ,Conga Billing
01t3Z0000057e5WQAQ,Conga Billing
01t3Z0000057dyhQAA,Conga Billing
01t3Z0000057dyeQAA,Conga Billing
01t50000003uIaAAAU,Conga Contracts
01t3Z0000057dzFQAQ,Conga CLM
01t50000003wB4gAAE,Other
01t50000003T03ZAAS,Conga Contracts
01t50000004lL7bAAE,Conga CLM
01t50000005AzdzAAC,Conga Contracts for Salesforce
01t50000005Aze9AAC,Conga Contracts for Salesforce
01t1T000005dr0nQAA,Conga Contracts for Salesforce
01t3Z0000057e5UQAQ,Conga Billing
01t3Z0000057e6BQAQ,Conga CLM
01t50000004RyCfAAK,Conga Contracts
01t3Z0000057e0BQAQ,Conga CPQ
01t1T000005KkWRQA0,Conga Contracts for Salesforce
01t1T000005pe6wQAA,Conga Contracts for Salesforce
01t1T000005ei1CQAQ,Conga Contracts for Salesforce
01t50000005AzfyAAC,Conga Contracts for Salesforce
01t50000005AtXAAA0,Conga Contracts for Salesforce
01t1T000005KkViQAK,Conga Contracts for Salesforce
01t500000052W23AAE,Conga Collaborate
01t50000003XxbsAAC,Conga Automation
01t50000002dhvxAAA,Conga Automation
01t50000001bRXWAA2,Conga Composer
01t50000002OGcyAAG,Conga Courier
01t50000002d1zXAAQ,Conga Courier
01t3Z0000057e4HQAQ,Conga Billing
01t3Z0000057e6EQAQ,Conga CLM
01t50000005At8eAAC,Conga Collaborate
01t500000027QiRAAU,Conga Composer
01t500000046GFWAA2,Conga Automation
01t50000003UeDJAA0,Conga Automation
01t500000019c5KAAQ,Conga Automation
01t50000001bRXRAA2,Conga Composer
01t500000017aBdAAI,Conga Courier
01t500000019bCtAAI,Conga Composer
01t50000000izIWAAY,Conga Composer
01t50000002cI2dAAE,Conga Composer
01t50000001agAiAAI,Conga Composer
01t500000017794AAA,Conga Composer
01t50000000k7yuAAA,Conga Composer
01t50000001aveeAAA,Conga Composer
01t50000002sMrOAAU,Conga Composer
01t50000002cqCQAAY,Conga Composer
01t50000002sKQRAA2,Conga Composer
01t1T0000049C5zQAE,Conga Composer
01t50000005B1UBAA0,Conga Composer
01t3Z0000057e4uQAA,Conga CPQ
01t3Z0000057e6JQAQ,Conga CPQ
01t3Z0000057dyxQAA,Conga CPQ
01t3Z0000057dyuQAA,Conga CPQ
01t3Z0000057e4SQAQ,Conga Digital Commerce
01t3Z0000057e50QAA,Conga Order Management
01t3Z0000057e0uQAA,Conga Order Management
01t3Z0000057dzlQAA,Conga Composer
01t50000002cwJ1AAI,Conga Composer
01t500000019YpxAAE,Conga Composer
01t5000000177rHAAQ,Conga Composer
01t50000000kofhAAA,Conga Composer
01t500000018i2jAAA,Conga Composer
01t500000019bReAAI,Conga Composer
01t50000002sKSVAA2,Conga Composer
01t50000001avfbAAA,Conga Composer
01t3Z0000057e0RQAQ,Conga CPQ
01t3Z0000057e0GQAQ,Conga CPQ
01t3Z0000057e59QAA,Conga CPQ
01t3Z0000057e4iQAA,Conga CPQ
01t3Z0000057dyIQAQ,Conga CPQ
01t3Z0000057e4UQAQ,Conga Digital Commerce
01t3Z0000057dyLQAQ,Conga Digital Commerce
01t50000005B1TMAA0,Conga Grid
01t50000005At8oAAC,Conga Grid
01t3Z0000057e5OQAQ,Conga Order Management
01t3Z0000057gANQAY,Conga Order Management
01t3Z0000057e0yQAA,Conga Order Management
01t3Z0000057e0qQAA,Conga Order Management
01t5000000177rLAAQ,Conga Composer
01t50000001avfvAAA,Conga Composer
01t3Z0000057dzcQAA,Conga Order Management
01t50000003VbhlAAC,Conga Sign
01t3Z0000057e78QAA,Conga X-Author Enterprise
01t3Z0000057dzjQAA,Conga Digital Commerce
01t50000002sKQMAA2,Conga Composer
01t50000001a7BXAAY,Conga Composer
01t50000003UkTtAAK,Conga Composer
01t3Z0000057e6QQAQ,Conga CPQ
01t3Z0000057e4nQAA,Conga CPQ
01t3Z0000057dzVQAQ,Conga CPQ
01t1T000005UHRgQAO,Conga Sign
01t500000046ISpAAM,Professional Services
01t1T000005KwsDQAS,Professional Services
01t1T000005KwsIQAS,Professional Services
01t3Z0000057dy0QAA,Professional Services
01t3Z0000057dxyQAA,Professional Services
01t3Z0000057e0mQAA,Support
01t50000003VTkdAAG,Support
01t50000003Vg0TAAS,Support
01t50000005ARgEAAW,Support
01t3Z0000057dUZQAY,Support
01t3Z0000057dxzQAA,Professional Services
01t3Z0000057e5jQAA,Support
01t3Z0000057dTCQAY,Support
01t500000052W2IAAU,Other
01t50000005AtQ4AAK,Conga Composer
01t3Z0000057e61QAA,Other
01t3Z0000057e5nQAA,Other
01t3Z000005VfhdQAC,Other
01t3Z0000057dTkQAI,Other
01t500000019GXqAAM,Other
01t3Z0000057dyEQAQ,Other
01t50000005AtL8AAK,Conga Billing
01t3Z0000057e5XQAQ,Conga Billing
01t50000005AtPZAA0,Other
01t5000000198Q3AAI,Other
01t500000026dkbAAA,Conga Billing
01t3Z000004bJ8VQAU,Conga Billing
01t3Z0000057dUFQAY,Conga Billing
01t3Z0000057e4JQAQ,Conga Billing
01t3Z0000057e4GQAQ,Conga Billing
01t3Z0000057hMiQAI,Conga Billing
01t3Z0000057e5yQAA,Conga CLM
01t3Z0000057e5wQAA,Conga CLM
01t3Z0000057dzAQAQ,Conga CLM
01t3Z0000057dz6QAA,Conga CLM
01t3Z000005VYtXQAW,Other
01t50000003T03jAAC,Conga Contracts
01t3Z0000057e08QAA,Conga CPQ
01t3Z0000057dz1QAA,Conga CLM
01t1T0000059r6lQAA,Conga Contracts for Salesforce
01t50000005Azg8AAC,Conga Contracts for Salesforce
01t50000005Azf7AAC,Conga Contracts for Salesforce
01t3Z0000057dyjQAA,Conga CLM
01t3Z000004bMypQAE,Conga CLM
01t50000005At8ZAAS,Conga Collaborate
01t50000005B06NAAS,Conga Composer
01t50000003VTjpAAG,Conga Composer
01t5000000186enAAA,Conga Automation
01t1T000005KoXyQAK,Conga Composer
01t50000002d1zSAAQ,Conga Courier
01t3Z0000057e60QAA,Conga CLM
01t50000003T03eAAC,Conga Contracts
01t3Z0000057dz3QAA,Conga CLM
01t3Z0000057e5YQAQ,Conga Billing
01t3Z0000057e09QAA,Conga CPQ
01t1T000005KkVdQAK,Conga Contracts for Salesforce
01t500000052W28AAE,Conga Collaborate
01t50000003T4rMAAS,Conga Composer
01t50000001b0nQAAQ,Conga Courier
01t50000000jiyVAAQ,Conga Courier
01t1T000005KTYXQA4,Conga Contracts for Salesforce
01t50000003T04SAAS,Conga Contracts
01t500000019ehBAAQ,Conga Automation
01t50000002tW6gAAE,Conga Composer
01t5000000188EVAAY,Conga Composer
01t50000001ABrOAAW,Conga Composer
01t500000019ZyvAAE,Conga Composer
01t50000002sMrJAAU,Conga Composer
01t50000001d3t6AAA,Conga Composer
01t500000026A25AAE,Conga Composer
01t50000003wgwhAAA,Conga Composer
01t50000005B1UGAA0,Conga Composer
01t3Z0000057e5LQAQ,Conga CPQ
01t3Z0000057e5HQAQ,Conga CPQ
01t3Z0000057e6MQAQ,Conga CPQ
01t3Z0000057e4VQAQ,Conga Digital Commerce
01t3Z0000057e4QQAQ,Conga Digital Commerce
01t3Z0000057dzwQAA,Conga Digital Commerce
01t3Z0000057e53QAA,Conga Order Management
01t50000001bRWQAA2,Conga Composer
01t50000001AMq8AAG,Conga Composer
01t5000000186eiAAA,Conga Automation
01t500000019ZIGAA2,Conga Automation
01t50000005B1U1AAK,Conga Courier
01t5000000243d7AAA,Conga Composer
01t500000018JnzAAE,Conga Composer
01t50000003uXqSAAU,Conga Composer
01t3Z000004br7fQAA,Conga Composer
01t1T0000049C5uQAE,Conga Composer
01t3Z0000057e5CQAQ,Conga CPQ
01t3Z0000057e4gQAA,Conga CPQ
01t3Z0000057dyvQAA,Conga CPQ
01t3Z0000057dzfQAA,Conga Order Management
01t1T000005UHRMQA4,Conga Sign
01t3Z0000057dzRQAQ,Conga CPQ
01t50000000kwQQAAY,Conga Composer
01t500000019vkBAAQ,Conga Composer
01t3Z0000057e4cQAA,Conga CPQ
01t3Z0000057dUHQAY,Conga Order Management
01t3Z0000057e0vQAA,Conga Order Management
01t3Z0000057dyMQAQ,Conga Digital Commerce
01t3Z0000057e6pQAA,Conga X-Author Enterprise
01t3Z0000057e6mQAA,Conga X-Author Enterprise
01t3Z0000057e6kQAA,Conga X-Author Enterprise
01t3Z0000057e6jQAA,Conga X-Author Enterprise
01t3Z0000057e6gQAA,Conga X-Author Enterprise
01t3Z0000057e6fQAA,Conga X-Author Enterprise
01t3Z0000057e6dQAA,Conga X-Author Enterprise
01t50000003T4rHAAS,Professional Services
01t3Z0000057dxuQAA,Professional Services
01t3Z0000057dxtQAA,Professional Services
01t3Z0000057dTbQAI,Support
01t50000003ug9RAAQ,Support
01t3Z0000057e0oQAA,Support
01t3Z0000057dTZQAY,Support
01t3Z0000057dTcQAI,Support
01t50000003wB4bAAE,Support
01t50000005AtTmAAK,Support
01t3Z0000057dTeQAI,Support
01t50000003UwhuAAC,Support
01t3Z0000057dTaQAI,Support
01t3Z0000057e6hQAA,Conga X-Author Enterprise
01t50000003ug9gAAA,Support
01t50000003VrrcAAC,Support
01t3Z0000057e63QAA,Other
01t3Z0000057e5hQAA,Other
01t3Z0000057e5eQAA,Other
01t3Z0000057lIsQAI,Other
01t3Z0000057e0dQAA,Other
01t50000003uIZgAAM,Conga Contracts
01t3Z0000057e66QAA,Other
01t3Z0000057e5pQAA,Other
01t3Z0000057e0eQAA,Other
01t3Z0000057e0UQAQ,Other
01t3Z0000057dyoQAA,Other
01t50000001bctDAAQ,Conga Billing
01t50000001bj9hAAA,Conga Billing
01t3Z0000057dTtQAI,Conga Billing
01t50000004SGUzAAO,Conga Contracts
01t50000003wQfnAAE,Conga Contracts
01t1T000005KkW7QAK,Conga Contracts for Salesforce
01t3Z0000057dy2QAA,Other
01t3Z0000057dzOQAQ,Conga CLM
01t3Z0000057dz8QAA,Conga CLM
01t3Z0000057dz7QAA,Conga CLM
01t50000004lL7RAAU,Conga Contracts for Salesforce
01t3Z0000057dz2QAA,Conga CLM
01t50000005AtKtAAK,Conga Courier
01t50000004RyCkAAK,Conga Contracts
01t1T000005KkVxQAK,Conga Contracts for Salesforce
01t3Z0000057dUfQAI,Conga CLM
01t3Z0000057hmYQAQ,Conga CLM
01t3Z000004bMyuQAE,Conga CLM
01t50000005At8UAAS,Conga Collaborate
01t50000003VTjkAAG,Conga Composer
01t50000002tRw8AAE,Conga Automation
01t50000002dhwCAAQ,Conga Automation
01t50000003UkiXAAS,Conga Composer
01t50000002ua7UAAQ,Conga Composer
01t50000005BAfCAAW,Conga Composer
01t3Z0000057dynQAA,Other
01t3Z0000057dyZQAQ,Conga Billing
01t3Z0000057e03QAA,Conga CLM
01t50000005AzexAAC,Conga Contracts for Salesforce
01t50000003tzU2AAI,Conga Contracts
01t3Z0000057dzPQAQ,Conga CLM
01t3Z0000057dzBQAQ,Conga CLM
01t50000005AXikAAG,Conga AI
01t500000026UMtAAM,Conga Automation
01t50000002dhvdAAA,Conga Automation
01t50000002cyCIAAY,Conga Automation
01t500000018C4iAAE,Conga Courier
01t50000000jon8AAA,Conga Courier
01t1T000005KkWWQA0,Conga Contracts for Salesforce
01t3Z0000057dzQQAQ,Conga CLM
01t3Z0000057dzEQAQ,Conga CLM
01t3Z0000057dz4QAA,Conga CLM
01t50000002dhvnAAA,Conga Automation
01t50000002cqUVAAY,Conga Composer
01t500000027YlXAAU,Conga Composer
01t50000001AQCpAAO,Conga Composer
01t50000001aelzAAA,Conga Composer
01t500000016tQTAAY,Conga Composer
01t500000016tkdAAA,Conga Composer
01t50000000kGOBAA2,Conga Composer
01t50000000k6whAAA,Conga Composer
01t50000000iSvLAAU,Conga Composer
01t500000026A1gAAE,Conga Composer
01t50000005B1U6AAK,Conga Composer
01t50000005At80AAC,Conga Composer
01t3Z0000057e6HQAQ,Conga CPQ
01t3Z0000057dzUQAQ,Conga CPQ
01t50000005BAf2AAG,Conga CPQ
01t3Z0000057dzvQAA,Conga Digital Commerce
01t3Z0000057e0aQAA,Conga Order Management
01t50000002d2ODAAY,Conga Composer
01t5000000190MXAAY,Conga Automation
01t50000001agyhAAA,Conga Courier
01t50000000ktkDAAQ,Conga Composer
01t50000001avfCAAQ,Conga Composer
01t50000001awfGAAQ,Conga Composer
01t50000001avg5AAA,Conga Composer
01t50000001avfgAAA,Conga Composer
01t3Z0000057e0VQAQ,Conga CPQ
01t3Z0000057e5JQAQ,Conga CPQ
01t3Z0000057dztQAA,Conga Digital Commerce
01t3Z0000057e4xQAA,Conga Order Management
01t3Z0000057dUIQAY,Conga Order Management
01t3Z0000057e0cQAA,Conga Automation
01t3Z0000057e7MQAQ,Conga Order Management
01t50000002cwoJAAQ,Conga Composer
01t3Z0000057e4dQAA,Conga CPQ
01t50000003tODGAA2,Conga Grid
01t3Z0000057dy8QAA,Conga Sign
01t5000000534u5AAA,Conga Sign
01t3Z0000057e77QAA,Conga X-Author Enterprise
01t3Z0000057e75QAA,Conga X-Author Enterprise
01t3Z0000057e70QAA,Conga X-Author Enterprise
01t3Z0000057e4jQAA,Conga CPQ
01t1T000005KXIDQA4,Conga Composer
01t3Z0000057e5qQAA,Conga CPQ
01t50000005AtzTAAS,Conga Sign
01t3Z0000057e71QAA,Conga X-Author Enterprise
01t3Z0000057e6tQAA,Conga X-Author Enterprise
01t3Z0000057e6cQAA,Conga X-Author Enterprise
01t3Z0000057e6bQAA,Conga X-Author Enterprise
01t3Z0000057e6WQAQ,Conga X-Author Enterprise
01t1T000005UNbEQAW,Support
01t50000005B0B9AAK,Support
01t3Z0000057dziQAA,Support
01t3Z0000057e0WQAQ,Support
01t3Z0000057e0nQAA,Support
01t3Z0000057e0KQAQ,Support
01t50000003UwWIAA0,Support
01t50000003wB4WAAU,Support
01t3Z0000057dUMQAY,Support
01t3Z0000057e67QAA,Other
01t3Z0000057e64QAA,Other
01t3Z0000057e62QAA,Other
01t50000003wB3xAAE,Other
01t3Z0000057e5aQAA,Conga Billing
01t50000003wFpkAAE,Conga Contracts
01t3Z0000057e0fQAA,Other
01t3Z0000057dzrQAA,Other
01t3Z0000057hMnQAI,Conga Billing
01t3Z0000057e5vQAA,Conga CLM
01t3Z0000057e5uQAA,Conga CLM
01t3Z0000057e6DQAQ,Conga CLM
01t50000003T03yAAC,Conga Contracts
01t3Z0000057e05QAA,Conga CLM
01t50000005AzenAAC,Conga Contracts for Salesforce
01t3Z0000057e5tQAA,Conga CLM
01t3Z0000057e5kQAA,Conga CLM
01t3Z0000057e6GQAQ,Conga CLM
01t50000003T04NAAS,Conga Contracts
01t50000004VoerAAC,Conga Contracts
01t1T0000049A0kQAE,Conga Contracts for Salesforce
01t50000005AzeJAAS,Conga Contracts for Salesforce
01t50000005AYnIAAW,Conga AI
01t1T0000059Wp0QAE,Conga AI
01t3Z0000057dUKQAY,Conga CLM
01t50000005At8KAAS,Conga Collaborate
01t50000003T4r7AAC,Conga Collaborate
01t50000005B06iAAC,Conga Composer
01t50000002rpjNAAQ,Conga Composer
01t500000019eWXAAY,Conga Courier
01t3Z0000057dyiQAA,Conga Billing
01t50000003uIZlAAM,Conga Contracts
01t50000005AzfeAAC,Conga Contracts for Salesforce
01t3Z0000057e4KQAQ,Conga Billing
01t3Z0000057dygQAA,Conga Billing
01t3Z0000057e6FQAQ,Conga CLM
01t50000003T04IAAS,Conga Contracts
01t50000005AzduAAC,Conga Contracts for Salesforce
01t500000018D8lAAE,Conga Composer
01t3Z0000057e6ZQAQ,Conga CLM
01t500000019c55AAA,Conga Automation
01t50000001bRRGAA2,Conga Composer
01t500000016wNKAAY,Conga Courier
01t50000003T03oAAC,Conga Contracts
01t1T000005KTYcQAO,Conga Contracts for Salesforce
01t500000019c5AAAQ,Conga Automation
01t5000000252EkAAI,Conga Composer
01t50000001AIh3AAG,Conga Composer
01t5000000265IkAAI,Conga Courier
01t50000000k6wrAAA,Conga Courier
01t500000019YpsAAE,Conga Composer
01t500000019fdmAAA,Conga Composer
01t50000000kwKOAAY,Conga Composer
01t50000000kwKNAAY,Conga Composer
01t50000000kFsZAAU,Conga Composer
01t50000000k7vkAAA,Conga Composer
01t50000001avf2AAA,Conga Composer
01t50000005B1TRAA0,Conga Composer
01t3Z0000057e69QAA,Conga CPQ
01t3Z0000057e0QQAQ,Conga CPQ
01t3Z0000057e0PQAQ,Conga CPQ
01t3Z0000057dTXQAY,Conga CPQ
01t3Z0000057e4lQAA,Conga CPQ
01t3Z0000057e4fQAA,Conga CPQ
01t3Z0000057e4NQAQ,Conga Digital Commerce
01t3Z0000057dyJQAQ,Conga Digital Commerce
01t3Z0000057e5NQAQ,Conga Order Management
01t3Z0000057e51QAA,Conga Order Management
01t50000000jbwjAAA,Conga Courier
01t500000017tuUAAQ,Conga Composer
01t50000001aqfnAAA,Conga Composer
01t50000002cqFoAAI,Conga Composer
01t50000000k6wIAAQ,Conga Composer
01t50000001avfWAAQ,Conga Composer
01t50000003UeDEAA0,Conga Composer
01t3Z0000057e4pQAA,Conga CPQ
01t3Z0000057e6TQAQ,Conga CPQ
01t3Z0000057dyHQAQ,Conga CPQ
01t3Z0000057e4ZQAQ,Conga Digital Commerce
01t3Z0000057e4MQAQ,Conga Digital Commerce
01t50000003VTk4AAG,Conga Grid
01t3Z000004br8OQAQ,Conga Grid
01t3Z0000057e0xQAA,Conga Order Management
01t3Z0000057e0sQAA,Conga Order Management
01t5000000174R0AAI,Conga Composer
01t5000000177rGAAQ,Conga Composer
01t50000005Aa1CAAS,Conga Composer
01t50000002cqUQAAY,Conga Composer
01t50000005At8AAAS,Conga Sign
01t50000005At85AAC,Conga Sign
01t3Z000004bJIQQA2,Conga Sign
01t1T000005UHRWQA4,Conga Sign
01t1T000005dx9zQAA,Conga Sign
01t50000005AtzdAAC,Conga Sign
01t3Z0000057e0HQAQ,Conga X-Author Enterprise
01t3Z0000057e7LQAQ,Conga CLM
01t3Z0000057e7HQAQ,Conga X-Author Enterprise
01t3Z0000057e79QAA,Conga X-Author Enterprise
01t3Z0000057dzWQAQ,Conga CPQ
01t3Z0000057e4RQAQ,Conga Digital Commerce
01t50000005At8tAAC,Conga Orchestrate
01t1T0000059r6qQAA,Conga Sign
01t3Z0000057e76QAA,Conga X-Author Enterprise
01t3Z0000057e6xQAA,Conga X-Author Enterprise
01t3Z0000057dTWQAY,Conga X-Author Enterprise
01t3Z0000057dTVQAY,Conga X-Author Enterprise
01t3Z0000057e6XQAQ,Conga X-Author Enterprise
01t3Z0000057e6VQAQ,Conga X-Author Enterprise
01t3Z0000057e6UQAQ,Conga X-Author Enterprise
01t50000005AtQdAAK,Professional Services
01t3Z0000057dxrQAA,Professional Services
01t3Z0000057dTYQAY,Support
01t3Z0000057dzaQAA,Support
01t3Z0000057dzZQAQ,Support
01t50000003ug9WAAQ,Support
01t3Z0000057dTuQAI,Support
01t50000003VZifAAG,Support
01t3Z0000057e4rQAA,Support
01t3Z0000057dU9QAI,Support
01t3Z0000057dTBQAY,Support
01t500000052vsDAAQ,Support
01t1T0000059r6vQAA,Support
01t500000046ITEAA2,Conga CPQ
01t3Z0000057e0IQAQ,Other
01t3Z0000057e7NQAQ,Conga Billing
01t3Z0000057dyYQAQ,Conga Billing
01t50000003tDwUAAU,Conga Contracts
01t3Z0000057dy4QAA,Other
01t3Z0000057e5VQAQ,Conga Billing
01t3Z0000057dycQAA,Conga Billing
01t50000003uIZqAAM,Conga Contracts
01t50000004RkKRAA0,Conga Contracts
01t500000046SavAAE,Conga Contracts
01t50000003uIa5AAE,Conga Contracts
01t3Z0000057dzNQAQ,Conga CLM
01t3Z0000057e58QAA,Conga CLM
01t50000003uIa0AAE,Conga Contracts
01t50000005B03xAAC,Conga Contracts for Salesforce
01t1T000005KkVTQA0,Conga Contracts for Salesforce
01t1T000005KkVsQAK,Conga Contracts for Salesforce
01t1T0000059yKmQAI,Conga Contracts for Salesforce
01t3Z0000057dylQAA,Conga CLM
01t3Z0000057dUPQAY,Conga CLM
01t500000052CzKAAU,Conga Composer
01t50000003VTjuAAG,Conga Composer
01t50000003tzkTAAQ,Conga Composer
01t50000003UkTyAAK,Conga Automation
01t50000002rwExAAI,Conga Courier
01t50000000kvygAAA,Conga Courier
01t50000000jinwAAA,Conga Courier
01t3Z0000057dyXQAQ,Conga Billing
01t500000046Gg4AAE,Conga CLM
01t3Z0000057dz0QAA,Conga CLM
01t3Z0000057dzMQAQ,Conga CLM
01t5000000469iUAAQ,Conga Contracts for Salesforce
01t500000052bRwAAI,Conga Collaborate
01t50000005At8PAAS,Conga Collaborate
01t3Z0000057dyrQAA,Conga Composer
01t500000019c5FAAQ,Conga Automation
01t50000003UeDTAA0,Conga Composer
01t50000003UeDOAA0,Conga Composer
01t500000019WgtAAE,Conga Automation
01t500000019W9QAAU,Conga Composer
01t50000000lRpCAAU,Conga Courier
01t3Z0000057dzKQAQ,Conga CLM
01t1T000005eclzQAA,Conga Composer
01t5000000175B3AAI,Conga Composer
01t500000019GrCAAU,Conga Composer
01t50000001avf7AAA,Conga Composer
01t50000001avfHAAQ,Conga Composer
01t50000002rpj8AAA,Conga Composer
01t500000016vMiAAI,Conga Composer
01t500000026A2FAAU,Conga Composer
01t50000001avg0AAA,Conga Composer
01t50000005At72AAC,Conga Composer
01t50000003UizJAAS,Conga Composer
01t3Z0000057e0NQAQ,Conga CPQ
01t3Z0000057dzXQAQ,Conga CPQ
01t3Z0000057dytQAA,Conga CPQ
01t3Z0000057e52QAA,Conga Order Management
01t50000005AZbqAAG,Mix
01t50000003UeDYAA0,Conga Courier
01t50000000kGfxAAE,Conga Courier
01t50000000jlNQAAY,Conga Courier
01t50000000knQCAAY,Conga Composer
01t5000000250d5AAA,Conga Composer
01t50000002sKQWAA2,Conga Composer
01t50000005At7CAAS,Conga Composer
01t50000005At7qAAC,Conga Composer
01t3Z0000057e0OQAQ,Conga CPQ
01t3Z0000057e6KQAQ,Conga CPQ
01t3Z0000057dysQAA,Conga CPQ
01t3Z0000057e4YQAQ,Conga Digital Commerce
01t3Z0000057dUCQAY,Conga Digital Commerce
01t50000003VZiaAAG,Conga Grid
01t3Z0000057e55QAA,Conga Order Management
01t3Z0000057dzdQAA,Conga Order Management
01t3Z0000057dy7QAA,Conga Sign
01t1T000005UHRbQAO,Conga Sign
01t3Z0000057e5BQAQ,Conga CPQ
01t3Z0000057e6NQAQ,Conga CPQ
01t3Z0000057e4bQAA,Conga CPQ
01t3Z0000057dzTQAQ,Conga CPQ
01t50000005At8jAAC,Conga Grid
01t50000000kbzGAAQ,Conga Composer
01t500000017x14AAA,Conga Composer
01t3Z0000057dyKQAQ,Conga Digital Commerce
01t50000005At77AAC,Conga Composer
01t3Z0000057dy6QAA,Conga Sign
01t3Z0000057dy5QAA,Conga Sign
01t3Z0000057e5lQAA,Conga X-Author Enterprise
01t3Z0000057e72QAA,Conga X-Author Enterprise
01t3Z0000057dTOQAY,Conga CPQ
01t3Z0000057e4PQAQ,Conga Digital Commerce
01t3Z0000057dzpQAA,Conga Sign
01t5000000188WPAAY,Conga Composer
01t3Z0000057e0FQAQ,Conga CPQ
01t3Z0000057e6sQAA,Conga X-Author Enterprise
01t3Z0000057e6oQAA,Conga X-Author Enterprise
01t3Z0000057e6lQAA,Conga X-Author Enterprise
01t3Z0000057e6aQAA,Conga X-Author Enterprise
01t50000003tLuWAAU,Professional Services
01t50000003wB4MAAU,Professional Services
01t3Z0000057dxwQAA,Professional Services
01t3Z0000057dxsQAA,Professional Services
01t500000046IRqAAM,Support
01t3Z0000057dzbQAA,Support
01t3Z0000057e0JQAQ,Support
01t3Z0000057dyUQAQ,Support
01t3Z0000057dToQAI,Support
01t3Z0000057fwvQAA,Support
01t500000046ISkAAM,Professional Services
01t50000002tJHVAA2,Support
01t3Z0000057e5iQAA,Support
01t500000046ITJAA2,Conga CLM
01t50000005AtPoAAK,Conga Contracts for Salesforce
01t50000003T4rCAAS,Conga Collaborate
01t50000005Aw9kAAC,Other
01t3Z0000057dTjQAI,Other
01t3Z0000057e4qQAA,Other
01t3Z0000057e0hQAA,Other
01t3Z0000057dzsQAA,Other
01t3Z0000057dyDQAQ,Other
01t3Z000004bpjRQAQ,Other
01t3Z0000057e5ZQAQ,Conga Billing
01t3Z000005VfhOQAS,Other
01t500000019GfLAAU,Other
01t3Z0000057e5SQAQ,Other
01t3Z0000057e5RQAQ,Other
01t3Z0000057dyqQAA,Other
01t3Z0000057dUDQAY,Conga Billing
01t500000046YIgAAM,Conga Contracts
01t50000005AtznAAC,Conga Contracts for Salesforce
01t3Z0000057dyzQAA,Conga CLM
01t50000003uBmIAAU,Conga CLM
01t3Z0000057e06QAA,Conga CPQ
01t3Z0000057e01QAA,Conga CLM
01t50000003wAc8AAE,Conga Contracts for Salesforce
01t50000005AzeOAAS,Conga Contracts for Salesforce
01t50000005B2fkAAC,Conga CLM
01t5000000188WUAAY,Conga Composer
01t500000019c4qAAA,Conga Automation
01t50000000k6wmAAA,Conga Courier
01t50000000jir0AAA,Conga Courier
01t50000002d1tPAAQ,Conga Courier
01t3Z0000057dzqQAA,Other
01t3Z0000057dyNQAQ,Other
01t50000004lL7WAAU,Conga Contracts for Salesforce
01t3Z0000057dySQAQ,Other
01t3Z0000057dyyQAA,Conga CLM
01t50000005AtXFAA0,Conga Contracts for Salesforce
01t50000003wAIaAAM,Conga Contracts for Salesforce
01t50000005Azg3AAC,Conga Contracts for Salesforce
01t3Z0000057dymQAA,Conga CLM
01t3Z0000057dykQAA,Conga CLM
01t3Z0000057dyfQAA,Conga CLM
01t500000017goqAAA,Conga Automation
01t50000000kTy9AAE,Conga Courier
01t3Z0000057e0CQAQ,Conga CLM
01t3Z0000057dy9QAA,Conga Automation
01t1T000005KkW2QAK,Conga Contracts for Salesforce
01t1T000005emmJQAQ,Conga Contracts for Salesforce
01t1T0000059WovQAE,Conga AI
01t500000018D2YAAU,Conga Automation
01t5000000183JiAAI,Conga Courier
01t1T0000059WpAQAU,Conga Contracts for Salesforce
01t50000001bOuDAAU,Conga Automation
01t500000019j1eAAA,Conga Composer
01t50000000ktrsAAA,Conga Composer
01t50000000kG85AAE,Conga Composer
01t50000000k7z4AAA,Conga Composer
01t50000001ah7fAAA,Conga Composer
01t50000001awfQAAQ,Conga Composer
01t50000001ANxRAAW,Conga Composer
01t50000001avfqAAA,Conga Composer
01t50000002dCKbAAM,Conga Composer
01t50000003uUF7AAM,Conga Composer
01t3Z000004br7QQAQ,Conga Composer
01t50000005At7lAAC,Conga Composer
01t50000005At7vAAC,Conga Composer
01t3Z0000057dTNQAY,Conga CPQ
01t3Z0000057dyPQAQ,Conga CPQ
01t50000003VTjzAAG,Conga Grid
01t3Z0000057e4zQAA,Conga Order Management
01t3Z0000057dU6QAI,Conga Order Management
01t500000023w7PAAQ,Conga Courier
01t50000002sKUMAA2,Conga Composer
01t50000000knFYAAY,Conga Composer
01t50000005At6nAAC,Conga Composer
01t3Z0000057e5EQAQ,Conga CPQ
01t3Z0000057e4hQAA,Conga CPQ
01t50000003tRFHAA2,Conga Grid
01t3Z000004blVAQAY,Conga Microsoft Dynamics 365 Integration
01t3Z0000057e4eQAA,Conga CPQ
01t500000052W2SAAU,Conga Sign
01t3Z0000057dTTQAY,Conga Sign
01t3Z000004bn1KQAQ,Conga Sign
01t3Z0000057e0TQAQ,Conga X-Author Enterprise
01t3Z0000057e7JQAQ,Conga X-Author Enterprise
01t3Z0000057e7DQAQ,Conga X-Author Enterprise
01t3Z0000057e7CQAQ,Conga X-Author Enterprise
01t3Z0000057e6uQAA,Conga X-Author Enterprise
01t3Z0000057e5AQAQ,Conga CPQ
01t3Z0000057dzeQAA,Conga Order Management
01t500000023uaJAAQ,Conga Composer
01t3Z0000057dzSQAQ,Conga CPQ
01t50000003tRFCAA2,Conga Grid
01t3Z0000057dzyQAA,Conga Sign
01t3Z0000057dyTQAQ,Conga Sign
01t3Z0000057e7FQAQ,Conga X-Author Enterprise
01t3Z0000057e6yQAA,Conga X-Author Enterprise
01t50000003w3YOAAY,Professional Services
01t50000003T4rRAAS,Professional Services
01t500000046IU7AAM,Professional Services
01t50000005AtQxAAK,Professional Services
01t50000003wB4HAAU,Professional Services
01t3Z0000057dTiQAI,Support
01t50000003VTlCAAW,Support
01t50000003VTl7AAG,Support
01t3Z0000057e0pQAA,Support
01t50000003wB4lAAE,Support
01t50000004mLtTAAU,Support
01t3Z0000057e4tQAA,Support
01t3Z0000057e4sQAA,Support
01t50000005AtWlAAK,Support
01t3Z0000057e7AQAQ,Conga X-Author Enterprise
01t3Z0000057e74QAA,Conga X-Author Enterprise
01t3Z0000057e0jQAA,Other
01t3Z0000057dyAQAQ,Conga Automation
01t3Z0000057dUEQAY,Conga Billing
01t3Z0000057dybQAA,Conga Billing
01t3Z0000057dzDQAQ,Conga CLM
01t3Z0000057e0YQAQ,Other
01t50000005AZblAAG,Harmony for Orion
01t3Z0000057dyOQAQ,Other
01t3Z0000057dy3QAA,Other
01t3Z0000057e5cQAA,Conga Billing
01t3Z0000057e4IQAQ,Conga Billing
01t3Z0000057dyaQAA,Conga Billing
01t3Z0000057e5xQAA,Conga CLM
01t50000003uIZbAAM,Conga Contracts
01t3Z0000057e0iQAA,Other
01t3Z0000057e5dQAA,Conga Billing
01t3Z0000057e5zQAA,Conga CLM
01t50000003tzU7AAI,Conga Contracts
01t50000005Azf2AAC,Conga Contracts for Salesforce
01t50000005B1ULAA0,Conga Contracts for Salesforce
01t50000005B1UVAA0,Conga Contracts for Salesforce
01t50000005AzfoAAC,Conga Contracts for Salesforce
01t3Z000004bMzOQAU,Conga CLM
01t3Z0000057dyFQAQ,Conga CLM
01t50000005AtPFAA0,Conga Contracts for Salesforce
01t50000005ARheAAG,Conga Collaborate
01t50000005At8FAAS,Conga Collaborate
01t50000001cJQnAAM,Conga Automation
01t50000003SyVtAAK,Conga Composer
01t50000001AMqDAAW,Conga Composer
01t5000000183JdAAI,Conga Courier
01t3Z0000057e5bQAA,Conga Billing
01t3Z0000057dyWQAQ,Conga Billing
01t50000003T04DAAS,Conga Contracts
01t3Z0000057e07QAA,Conga CPQ
01t50000005Aa20AAC,Conga Contracts for Salesforce
01t3Z0000057e04QAA,Conga CLM
01t500000046IT4AAM,Conga CLM
01t50000005At93AAC,Mix
01t500000019H5nAAE,Conga Automation
01t500000018BvrAAE,Conga Automation
01t500000017aD5AAI,Conga Courier
01t50000000jIGPAA2,Conga Courier
01t3Z0000057e0AQAQ,Conga CPQ
01t1T000005KkVYQA0,Conga Contracts for Salesforce
01t50000002sN4rAAE,Conga Automation
01t50000002d1ZGAAY,Conga Automation
01t50000001ABXuAAO,Conga Composer
01t500000016lICAAY,Conga Courier
01t50000002cuMIAAY,Conga Composer
01t50000001ALWPAA4,Conga Composer
01t50000000k6wcAAA,Conga Composer
01t50000001aveKAAQ,Conga Composer
01t50000001AZXSAA4,Conga Composer
01t50000002cuNHAAY,Conga Composer
01t50000002cuN7AAI,Conga Composer
01t50000002sKUCAA2,Conga Composer
01t50000005At6sAAC,Conga Composer
01t50000005At7gAAC,Conga Composer
01t50000005AtPUAA0,Conga Composer
01t3Z0000057e0MQAQ,Conga CPQ
01t3Z0000057e5DQAQ,Conga CPQ
01t3Z0000057e6SQAQ,Conga CPQ
01t50000003tODHAA2,Conga Grid
01t3Z0000057e4wQAA,Conga Order Management
01t50000005AtxoAAC,Conga Contracts for Salesforce
01t50000001ADI9AAO,Conga Composer
01t3Z0000057e4mQAA,Conga CPQ
01t3Z0000057dyQQAQ,Conga CPQ
01t3Z0000057dyGQAQ,Conga CPQ
01t3Z0000057e4OQAQ,Conga Digital Commerce
01t3Z0000057gKNQAY,Conga Microsoft Dynamics 365 Integration
01t3Z0000057e0bQAA,Conga Automation
01t3Z0000057e0tQAA,Conga Order Management
01t1T000005dr0WQAQ,Conga Sign
01t50000005AtPPAA0,Conga Sign
01t3Z0000057e7GQAQ,Conga X-Author Enterprise
01t3Z0000057e7EQAQ,Conga X-Author Enterprise
01t3Z0000057e7BQAQ,Conga X-Author Enterprise
01t3Z0000057e4XQAQ,Conga Digital Commerce
01t5000000250d0AAA,Conga Composer
01t3Z0000057e4kQAA,Conga CPQ
01t3Z0000057dzoQAA,Conga Sign
01t3Z0000057dzmQAA,Conga Sign
01t1T000005UHRHQA4,Conga Sign
01t3Z0000057e73QAA,Conga X-Author Enterprise
01t3Z0000057dzgQAA,Conga Order Management
01t3Z0000057e6rQAA,Conga X-Author Enterprise
01t3Z0000057e6qQAA,Conga X-Author Enterprise
01t3Z0000057e6nQAA,Conga X-Author Enterprise
01t3Z0000057e6eQAA,Conga X-Author Enterprise
01t500000046IRvAAM,Professional Services
01t3Z0000057dxxQAA,Professional Services
01t3Z0000057e0lQAA,Support
01t3Z0000057dULQAY,Support
01t3Z0000057dy1QAA,Professional Services
01t3Z0000057dTlQAI,Other
01t3Z0000057e5fQAA,Other
01t3Z0000057dyBQAQ,Conga Automation
01t3Z0000057e57QAA,Conga CLM
01t50000003T03UAAS,Conga Contracts
01t3Z0000057e5sQAA,Other
01t3Z0000057e11QAA,Other
01t3Z0000057dTfQAI,Other
01t3Z0000057dyCQAQ,Other
01t3Z0000057e6AQAQ,Conga CLM
01t50000003T048AAC,Conga Contracts
01t50000003T043AAC,Conga Contracts
01t50000003T03tAAC,Conga Contracts
01t3Z0000057e00QAA,Conga CLM
01t50000005AzfjAAC,Conga Contracts for Salesforce
01t50000000kfeLAAQ,Conga Billing
01t3Z0000057e6CQAQ,Conga CLM
01t3Z0000057e56QAA,Conga CLM
01t50000003uIZvAAM,Conga Contracts
01t3Z0000057e02QAA,Conga CLM
01t3Z0000057dzLQAQ,Conga CLM
01t3Z0000057dzIQAQ,Conga CLM
01t3Z0000057dzHQAQ,Conga CLM
01t3Z0000057dzGQAQ,Conga CLM
01t3Z0000057dzCQAQ,Conga X-Author Enterprise
01t3Z0000057dz9QAA,Conga CLM
01t50000005AtX5AAK,Conga Contracts for Salesforce
01t3Z0000057dydQAA,Conga Billing
01t50000005AtWvAAK,Conga Contracts for Salesforce
01t50000005AzftAAC,Conga Contracts for Salesforce
01t50000005Atz1AAC,Conga Contracts for Salesforce
01t3Z0000057dUNQAY,Conga CLM
01t3Z0000057dTPQAY,Conga CLM
01t3Z0000057dUOQAY,Conga CLM
01t50000004VoehAAC,Conga Composer
01t1T000005BtQHQA0,Conga Composer
01t50000005AZgwAAG,Conga Composer
01t50000002dhviAAA,Conga Automation
01t50000001bRXgAAM,Conga Composer
01t50000001bRXCAA2,Conga Composer
01t50000001ANMnAAO,Conga Courier
01t50000002776mAAA,Conga Courier
01t50000002d1zcAAA,Conga Courier
01t3Z0000057dz5QAA,Conga CLM
01t50000004RyYGAA0,Conga Contracts
01t3Z0000057dzzQAA,Conga CLM
01t5000000469iPAAQ,Conga Contracts for Salesforce
01t1T0000059Wp5QAE,Conga Contracts for Salesforce
01t1T000005KkVnQAK,Conga Contracts for Salesforce
01t50000002d2dCAAQ,Conga Composer
01t50000001bWuBAAU,Conga Automation
01t50000005At7RAAS,Conga Composer
01t50000005BAfHAAW,Conga Composer
01t50000005AzesAAC,Conga Contracts for Salesforce
01t50000001bRXHAA2,Conga Composer
01t50000002sN4cAAE,Conga Automation
01t50000003t8xIAAQ,Conga Composer
01t50000000lHuMAAU,Conga Composer
01t50000000kG7lAAE,Conga Composer
01t500000017netAAA,Conga Composer
01t50000002cuNCAAY,Conga Composer
01t50000002cuN2AAI,Conga Composer
01t500000026A20AAE,Conga Composer
01t500000026A1lAAE,Conga Composer
01t50000003T033AAC,Conga Composer
01t50000005B1TWAA0,Conga Composer
01t1T000005KRZHQA4,Conga Composer
01t1T000005ecm4QAA,Conga Composer
01t50000005AtLIAA0,Conga Composer
01t500000019HkgAAE,Conga Composer
01t3Z0000057e5KQAQ,Conga CPQ
01t3Z0000057e4vQAA,Conga CPQ
01t3Z0000057e5IQAQ,Conga CPQ
01t3Z0000057e6RQAQ,Conga CPQ
01t50000005BAf7AAG,Conga CPQ
01t3Z0000057e4WQAQ,Conga Digital Commerce
01t3Z0000057e4TQAQ,Conga Digital Commerce
01t3Z0000057e4LQAQ,Conga Digital Commerce
01t3Z0000057dzuQAA,Conga Digital Commerce
01t3Z0000057e54QAA,Conga Order Management
01t3Z0000057dzhQAA,Conga Order Management
01t500000052bRrAAI,Conga Collaborate
01t500000019c5PAAQ,Conga Automation
01t500000017aDAAAY,Conga Courier
01t50000000kGIeAAM,Conga Courier
01t50000002d1zNAAQ,Conga Courier
01t50000000kcH5AAI,Conga Composer
01t3Z0000057e68QAA,Conga CPQ
01t3Z0000057e5GQAQ,Conga CPQ
01t3Z0000057e5FQAQ,Conga CPQ
01t3Z0000057e6PQAQ,Conga CPQ
01t3Z000004bnT5QAI,Conga CPQ
01t3Z0000057e6IQAQ,Conga CPQ
01t3Z0000057dzYQAQ,Conga CPQ
01t3Z0000057dTGQAY,Conga CPQ
01t3Z0000057e10QAA,Conga Microsoft Dynamics 365 Integration
01t3Z0000057e0zQAA,Conga Microsoft Dynamics 365 Integration
01t500000019hLLAAY,Conga Courier
01t1T0000048zeUQAQ,Conga Sign
01t3Z0000057dzxQAA,Conga Sign
01t500000052W2NAAU,Conga Sign
01t3Z0000057dyRQAQ,Conga Sign
01t3Z000004bJIGQA2,Conga Sign
01t50000005At98AAC,Conga Sign
01t50000004mLtPAAU,Conga Sign
01t3Z0000057e0SQAQ,Conga X-Author Enterprise
01t3Z0000057e7IQAQ,Conga X-Author Enterprise
01t3Z0000057e6zQAA,Conga X-Author Enterprise
01t3Z0000057e6wQAA,Conga X-Author Enterprise
01t3Z0000057e6vQAA,Conga X-Author Enterprise
01t3Z0000057dTMQAY,Conga CPQ
01t3Z0000057e5MQAQ,Conga Order Management
01t500000016plrAAA,Conga Composer
01t50000000k3FtAAI,Conga Composer
01t3Z0000057dUeQAI,Conga CPQ
01t3Z0000057e6LQAQ,Conga CPQ
01t3Z0000057e5PQAQ,Conga Order Management
01t3Z0000057dywQAA,Conga CPQ
01t1T000005BtQCQA0,Conga Sign
01t3Z0000057dznQAA,Conga Sign
01t3Z0000057e4aQAA,Conga X-Author Enterprise
01t3Z0000057e7KQAQ,Conga X-Author Enterprise
01t3Z0000057dTUQAY,Conga X-Author Enterprise
01t3Z0000057e6YQAQ,Conga X-Author Enterprise
01t50000003w3ZSAAY,Professional Services
01t50000003tLubAAE,Professional Services
01t50000003wB4CAAU,Professional Services
01t50000003wB4RAAU,Professional Services
01t3Z0000057dxvQAA,Professional Services
01t50000003VTl2AAG,Support
01t500000052W2DAAU,Support
01t3Z0000057dThQAI,Support
01t3Z0000057dTdQAI,Support
01t3Z0000057dTzQAI,Support
01t50000005AtWHAA0,Support
01t50000005AtStAAK,Support
