PACKAGE_ID,PRODUCT
External Licenses,Conga Collaborate
External Licenses,Conga AI
External Licenses,Conga Contracts
a0T5000000QPcZ6EAL,Conga Order Management
a0T5000000QPcwnEAD,Other
a0T5000000MKRO4EAP,Conga X-Author Enterprise
a0T5000000MKRGcEAP,Rebates
a0T5000000MKQnBEAX,Conga Billing
a0T5000000MKQf7EAH,Conga CPQ
a0T5000000LKhVfEAL,Promotions
a0T5000000LAeNQEA1,Conga X-Author Enterprise
a0T5000000KGqqeEAD,Conga X-Author Enterprise
a0T5000000JPOzLEAX,Conga CPQ
a0T5000000J4HMnEAN,Conga Approvals
a0T5000000IAEIiEAP,Conga Billing
a0T5000000IA6BGEA1,Conga Digital Commerce
a0T5000000Ho8yrEAB,Conga CPQ
a0T5000000HF2OZEA1,Conga CPQ
a0T5000000HEFEJEA5,Conga X-Author Enterprise
a0T5000000HEFEEEA5,Conga X-Author Enterprise
a0T5000000HDxp4EAD,Conga CLM
a0T5000000HDxouEAD,Other
a0T5000000GYcZnEAL,Conga CPQ
a0T5000000GYcFDEA1,Conga CPQ
a0T5000000GYc6nEAD,Conga CPQ
a0T5000000FapKxEAJ,Conga Approvals
a0T5000000FapKiEAJ,Conga CPQ
a0T5000000FamTnEAJ,Conga Approvals
a0T5000000FamSaEAJ,Conga CPQ
a0T5000000DZqFGEA1,Conga CPQ
a0T5000000DbSNGEA3,Conga CPQ
a0T5000000Db7IjEAJ,Conga X-Author Enterprise
a0T5000000D6c21EAB,Conga Billing
a0T5000000D6c0tEAB,SRM
a0T5000000D6c0FEAR,Conga CPQ
a0T5000000D6bzZEAR,Conga CPQ
a0T5000000D6bz5EAB,Conga CLM
a0T5000000D6bnmEAB,Other
a0T5000000AL9sREAT,Other
a0T5000000AKtj9EAD,Other
a0T5000000AKHlxEAH,Conga CLM
a0T5000000AJWBmEAP,Conga CPQ
a0T5000000AJWBcEAP,Conga Approvals
a0T5000000AJSyhEAH,Conga CLM
a0T5000000AgYiCEAV,Conga CPQ
a0T1T00000rn9RjUAI,Other
a0T1T00000rn7lnUAA,Other
a0T1T00000iqRbOUAU,Other
a0T1T00000iq9OxUAI,Conga CPQ
a0T1T00000iq6HnUAI,Conga CPQ
a0T1T00000iq6FmUAI,SRM
a0150000017k8N3AAI,Conga Composer
a0150000017jZDoAAM,Conga Composer
a0150000017jcZWAAY,Conga Orchestrate
a0150000017jcZCAAY,Orchestrate Related List Viewer
a0150000017jcXzAAI,Pulse
a0150000017jcXBAAY,Mix
a0150000017jcX6AAI,Harmony for Orion
a0150000017jcWwAAI,Harmony for Orion
a0150000017jcc1AAA,VEO ProcessComposer Integration Package
a0150000017jcbwAAA,Orion Connect Process Library
a0150000014P5LQAA0,Conga Sign
a015000000xCYUxAAO,Conga Contracts for Salesforce
a015000000u3HKfAAM,Conga Grid
a015000000enhmCAAQ,Conga Composer
a015000000A7HvoAAF,Conga Courier
a015000000A58RtAAJ,Conga Courier
a015000000919dbAAA,Conga Composer
a01500000085TM4AAM,Conga Composer
